accession,sample_name,read1_file,read2_file,barcode1,barcode2,library_prep_kit,read_count,euler_path
SAMN37257477,80_Alt_Chip_2,80_Alt_Chip_2_S19_R1_001.fastq.gz,80_Alt_Chip_2_S19_R2_001.fastq.gz,TCTAGGCGCG,TATTCCTCAG,Illumina Truseq PCR Free,35696890,/cluster/project/eawag/p07004/raw_data/o31197_NovaSeq_230526_NOV1767/
SAMN37257458,63_Ehr_Chip_1,63_Ehr_Chip_1_S8_R1_001.fastq.gz,63_Ehr_Chip_1_S8_R2_001.fastq.gz,ACCAAGCAGG,TGGCTCGCAG,Illumina Truseq PCR Free,46855855,/cluster/project/eawag/p07004/raw_data/o31197_NovaSeq_230526_NOV1767/
SAMN37257424,32_Kol_dw1_2,32_Kol_dw1_2_S72_R1_001.fastq.gz,32_Kol_dw1_2_S72_R2_001.fastq.gz,AATGCGAACA,ATTACTCACC,Illumina Truseq PCR Free,51399366,/cluster/project/eawag/p07004/raw_data/o31197_NovaSeq_230526_NOV1767/
SAMN37257474,78_Alt_dw3_1,78_Alt_dw3_1_S7_R1_001.fastq.gz,78_Alt_dw3_1_S7_R2_001.fastq.gz,CTGGCAAGAG,GAAGCGGACC,Illumina Truseq PCR Free,69750333,/cluster/project/eawag/p07004/raw_data/o31197_NovaSeq_230526_NOV1767/
SAMN37257480,83_Alt_Eff_1,83_Alt_Eff_1_S94_R1_001.fastq.gz,83_Alt_Eff_1_S94_R2_001.fastq.gz,TGCGCATAGC,ATTACGGTTA,Illumina Truseq PCR Free,76406774,/cluster/project/eawag/p07004/raw_data/o31197_NovaSeq_230526_NOV1767/
SAMN37257416,25_Oli_In_2,25_Oli_In_2_S58_R1_001.fastq.gz,25_Oli_In_2_S58_R2_001.fastq.gz,TGGTAGAGAT,TGTTGTTCGT,Illumina Truseq PCR Free,81850483,/cluster/project/eawag/p07004/raw_data/o31197_NovaSeq_230526_NOV1767/
SAMN37257423,31_Kol_dw1_1,31_Kol_dw1_1_S68_R1_001.fastq.gz,31_Kol_dw1_1_S68_R2_001.fastq.gz,CGATGCGGTT,GGCTCTTGCG,Illumina Truseq PCR Free,83552574,/cluster/project/eawag/p07004/raw_data/o31197_NovaSeq_230526_NOV1767/
SAMN37257432,3_Air_up2_1,3_Air_up2_1_S41_R1_001.fastq.gz,3_Air_up2_1_S41_R2_001.fastq.gz,GAACGCAATA,ACCTATATTG,Illumina Truseq PCR Free,84746376,/cluster/project/eawag/p07004/raw_data/o31197_NovaSeq_230526_NOV1767/
SAMN37257479,82_Alt_In_1,82_Alt_In_1_S2_R1_001.fastq.gz,82_Alt_In_1_S2_R2_001.fastq.gz,CACTCAATTC,CTCAGCTATT,Illumina Truseq PCR Free,86475405,/cluster/project/eawag/p07004/raw_data/o31197_NovaSeq_230526_NOV1767/
SAMN37257414,23_Oli_dw3_2,23_Oli_dw3_2_S93_R1_001.fastq.gz,23_Oli_dw3_2_S93_R2_001.fastq.gz,TAGCATAACC,AATCTCCATA,Illumina Truseq PCR Free,86775621,/cluster/project/eawag/p07004/raw_data/o31197_NovaSeq_230526_NOV1767/
SAMN37257409,19_Oli_dw1_2,19_Oli_dw1_2_S78_R1_001.fastq.gz,19_Oli_dw1_2_S78_R2_001.fastq.gz,CGTACAGGAA,AGTCAACCAT,Illumina Truseq PCR Free,87916228,/cluster/project/eawag/p07004/raw_data/o31197_NovaSeq_230526_NOV1767/
SAMN37257483,86_Alt_AS_1,86_Alt_AS_1_S52_R1_001.fastq.gz,86_Alt_AS_1_S52_R2_001.fastq.gz,AGAGAACCTA,CCGAAGCGAG,Illumina Truseq PCR Free,89607402,/cluster/project/eawag/p07004/raw_data/o31197_NovaSeq_230526_NOV1767/
SAMN37257473,77_Alt_dw2_2,77_Alt_dw2_2_S43_R1_001.fastq.gz,77_Alt_dw2_2_S43_R2_001.fastq.gz,GAATACCTAT,TACGGCCGGT,Illumina Truseq PCR Free,89908101,/cluster/project/eawag/p07004/raw_data/o31197_NovaSeq_230526_NOV1767/
SAMN37257478,81_Alt_SS_1,81_Alt_SS_1_S25_R1_001.fastq.gz,81_Alt_SS_1_S25_R2_001.fastq.gz,ACGGTCCAAC,CCTATGACTC,Illumina Truseq PCR Free,92027883,/cluster/project/eawag/p07004/raw_data/o31197_NovaSeq_230526_NOV1767/
SAMN37257466,70_Alt_up1_1,70_Alt_up1_1_S55_R1_001.fastq.gz,70_Alt_up1_1_S55_R2_001.fastq.gz,TCAATGGAGA,AGGATAAGTT,Illumina Truseq PCR Free,92491905,/cluster/project/eawag/p07004/raw_data/o31197_NovaSeq_230526_NOV1767/
SAMN37257469,73_Alt_up2_3,73_Alt_up2_3_S80_R1_001.fastq.gz,73_Alt_up2_3_S80_R2_001.fastq.gz,CGCTTAGAAT,GGATACCAGA,Illumina Truseq PCR Free,93114524,/cluster/project/eawag/p07004/raw_data/o31197_NovaSeq_230526_NOV1767/
SAMN37257421,2_Air_up1_2,2_Air_up1_2_S50_R1_001.fastq.gz,2_Air_up1_2_S50_R2_001.fastq.gz,TTATACGCGA,CATTCCAGCT,Illumina Truseq PCR Free,94322588,/cluster/project/eawag/p07004/raw_data/o31197_NovaSeq_230526_NOV1767/
SAMN37257431,39_Kol_Eff_1,39_Kol_Eff_1_S31_R1_001.fastq.gz,39_Kol_Eff_1_S31_R2_001.fastq.gz,CGCTGTCTCA,ATGTCGTGGT,Illumina Truseq PCR Free,96248693,/cluster/project/eawag/p07004/raw_data/o31197_NovaSeq_230526_NOV1767/
SAMN37257426,34_Kol_dw2_2,34_Kol_dw2_2_S13_R1_001.fastq.gz,34_Kol_dw2_2_S13_R2_001.fastq.gz,CATTAACTGA,AGAATCTTCG,Illumina Truseq PCR Free,96593923,/cluster/project/eawag/p07004/raw_data/o31197_NovaSeq_230526_NOV1767/
SAMN37257454,5_Air_dw1_1,5_Air_dw1_1_S81_R1_001.fastq.gz,5_Air_dw1_1_S81_R2_001.fastq.gz,GCCAATCCTC,AGTGCCACTG,Illumina Truseq PCR Free,96648240,/cluster/project/eawag/p07004/raw_data/o31197_NovaSeq_230526_NOV1767/
SAMN37257402,12_Air_In_1,12_Air_In_1_S71_R1_001.fastq.gz,12_Air_In_1_S71_R2_001.fastq.gz,CAGCAATCGT,TAGAATAACG,Illumina Truseq PCR Free,96660837,/cluster/project/eawag/p07004/raw_data/o31197_NovaSeq_230526_NOV1767/
SAMN37257442,49_Bir_dw3_2,49_Bir_dw3_2_S15_R1_001.fastq.gz,49_Bir_dw3_2_S15_R2_001.fastq.gz,GGTAGAATTA,CCACCTTACA,Illumina Truseq PCR Free,98239126,/cluster/project/eawag/p07004/raw_data/o31197_NovaSeq_230526_NOV1767/
SAMN37257487,8_Air_dw2_2,8_Air_dw2_2_S70_R1_001.fastq.gz,8_Air_dw2_2_S70_R2_001.fastq.gz,CAATTCTCAC,CAAGATGCTT,Illumina Truseq PCR Free,98254319,/cluster/project/eawag/p07004/raw_data/o31197_NovaSeq_230526_NOV1767/
SAMN37257439,46_Bir_dw2_1,46_Bir_dw2_1_S64_R1_001.fastq.gz,46_Bir_dw2_1_S64_R2_001.fastq.gz,ACTCTATTGT,TGATTAGCCA,Illumina Truseq PCR Free,100287615,/cluster/project/eawag/p07004/raw_data/o31197_NovaSeq_230526_NOV1767/
SAMN37257490,92_R2_ES,92_R2_ES_S1_R1_001.fastq.gz,92_R2_ES_S1_R2_001.fastq.gz,AATTCTTGGA,GTTATATGGC,Illumina Truseq PCR Free,101310935,/cluster/project/eawag/p07004/raw_data/o31197_NovaSeq_230526_NOV1767/
SAMN37257493,9_Air_dw3_1,9_Air_dw3_1_S90_R1_001.fastq.gz,9_Air_dw3_1_S90_R2_001.fastq.gz,AAGCGCGCTT,GCAACAGGTG,Illumina Truseq PCR Free,101795997,/cluster/project/eawag/p07004/raw_data/o31197_NovaSeq_230526_NOV1767/
SAMN37257427,35_Kol_dw3_1,35_Kol_dw3_1_S24_R1_001.fastq.gz,35_Kol_dw3_1_S24_R2_001.fastq.gz,CCGGTTCCTA,CGGCAATGGA,Illumina Truseq PCR Free,102431010,/cluster/project/eawag/p07004/raw_data/o31197_NovaSeq_230526_NOV1767/
SAMN37257475,79_Alt_dw3_2,79_Alt_dw3_2_S73_R1_001.fastq.gz,79_Alt_dw3_2_S73_R2_001.fastq.gz,ATGTTGTTGG,TCTTACATCA,Illumina Truseq PCR Free,103118800,/cluster/project/eawag/p07004/raw_data/o31197_NovaSeq_230526_NOV1767/
SAMN37257476,7_Air_dw2_1,7_Air_dw2_1_S40_R1_001.fastq.gz,7_Air_dw2_1_S40_R2_001.fastq.gz,ACTTGTTATC,AAGGAAGTTC,Illumina Truseq PCR Free,103204697,/cluster/project/eawag/p07004/raw_data/o31197_NovaSeq_230526_NOV1767/
SAMN37257412,21_Oli_dw2_2,21_Oli_dw2_2_S51_R1_001.fastq.gz,21_Oli_dw2_2_S51_R2_001.fastq.gz,TTAGTGAGTC,CGTTAGGTCG,Illumina Truseq PCR Free,103236623,/cluster/project/eawag/p07004/raw_data/o31197_NovaSeq_230526_NOV1767/
SAMN37257407,17_Oli_up2_2,17_Oli_up2_2_S34_R1_001.fastq.gz,17_Oli_up2_2_S34_R2_001.fastq.gz,CAACGAGAGC,CACCACCTAC,Illumina Truseq PCR Free,103279387,/cluster/project/eawag/p07004/raw_data/o31197_NovaSeq_230526_NOV1767/
SAMN37257415,24_Oli_AS_1,24_Oli_AS_1_S5_R1_001.fastq.gz,24_Oli_AS_1_S5_R2_001.fastq.gz,GGCATAGGTG,GCCGTCTGTT,Illumina Truseq PCR Free,103935825,/cluster/project/eawag/p07004/raw_data/o31197_NovaSeq_230526_NOV1767/
SAMN37257471,75_Alt_dw1_3,75_Alt_dw1_3_S96_R1_001.fastq.gz,75_Alt_dw1_3_S96_R2_001.fastq.gz,GCGTCCACCT,TCACTCATGT,Illumina Truseq PCR Free,104205985,/cluster/project/eawag/p07004/raw_data/o31197_NovaSeq_230526_NOV1767/
SAMN37257404,14_Oli_up1_1,14_Oli_up1_1_S42_R1_001.fastq.gz,14_Oli_up1_1_S42_R2_001.fastq.gz,AAGTTGACAA,TATCCAGGAC,Illumina Truseq PCR Free,104704761,/cluster/project/eawag/p07004/raw_data/o31197_NovaSeq_230526_NOV1767/
SAMN37257452,58_Ehr_dw1_2,58_Ehr_dw1_2_S56_R1_001.fastq.gz,58_Ehr_dw1_2_S56_R2_001.fastq.gz,CTGAGCCGGT,TGCACGAGAA,Illumina Truseq PCR Free,104779231,/cluster/project/eawag/p07004/raw_data/o31197_NovaSeq_230526_NOV1767/
SAMN37257444,50_Bir_AS_1,50_Bir_AS_1_S4_R1_001.fastq.gz,50_Bir_AS_1_S4_R2_001.fastq.gz,TCAGATTAAC,CATGTAGAGG,Illumina Truseq PCR Free,104892306,/cluster/project/eawag/p07004/raw_data/o31197_NovaSeq_230526_NOV1767/
SAMN37257428,36_Kol_dw3_2,36_Kol_dw3_2_S37_R1_001.fastq.gz,36_Kol_dw3_2_S37_R2_001.fastq.gz,ATACATCACA,TAACAGTGTT,Illumina Truseq PCR Free,106032284,/cluster/project/eawag/p07004/raw_data/o31197_NovaSeq_230526_NOV1767/
SAMN37257433,40_Bir_up1_1,40_Bir_up1_1_S66_R1_001.fastq.gz,40_Bir_up1_1_S66_R2_001.fastq.gz,GCTAATAGGA,AGAGCACTAG,Illumina Truseq PCR Free,106614294,/cluster/project/eawag/p07004/raw_data/o31197_NovaSeq_230526_NOV1767/
SAMN37257470,74_Alt_dw1_1,74_Alt_dw1_1_S74_R1_001.fastq.gz,74_Alt_dw1_1_S74_R2_001.fastq.gz,ACAGTAAGAT,GCGTTGGTAT,Illumina Truseq PCR Free,106781940,/cluster/project/eawag/p07004/raw_data/o31197_NovaSeq_230526_NOV1767/
SAMN37257443,4_Air_up2_2,4_Air_up2_2_S35_R1_001.fastq.gz,4_Air_up2_2_S35_R2_001.fastq.gz,TGATGGCTAC,CGAGGCGGTA,Illumina Truseq PCR Free,106881083,/cluster/project/eawag/p07004/raw_data/o31197_NovaSeq_230526_NOV1767/
SAMN37257463,68_Ehr_DN_1,68_Ehr_DN_1_S33_R1_001.fastq.gz,68_Ehr_DN_1_S33_R2_001.fastq.gz,CGAATCTATA,AAGTACTCCA,Illumina Truseq PCR Free,106925696,/cluster/project/eawag/p07004/raw_data/o31197_NovaSeq_230526_NOV1767/
SAMN37257406,16_Oli_up2_1,16_Oli_up2_1_S39_R1_001.fastq.gz,16_Oli_up2_1_S39_R2_001.fastq.gz,TGGCCTCTGT,TGGAGCATCC,Illumina Truseq PCR Free,107487090,/cluster/project/eawag/p07004/raw_data/o31197_NovaSeq_230526_NOV1767/
SAMN37257492,94_R4_ES,94_R4_ES_S95_R1_001.fastq.gz,94_R4_ES_S95_R2_001.fastq.gz,GAGAGGTTCG,TTAGGATAGA,Illumina Truseq PCR Free,107567499,/cluster/project/eawag/p07004/raw_data/o31197_NovaSeq_230526_NOV1767/
SAMN37257460,65_Ehr_In_1,65_Ehr_In_1_S12_R1_001.fastq.gz,65_Ehr_In_1_S12_R2_001.fastq.gz,TATCCGAGGC,AAGCGTTGAG,Illumina Truseq PCR Free,107871696,/cluster/project/eawag/p07004/raw_data/o31197_NovaSeq_230526_NOV1767/
SAMN37257482,85_Alt_DN_2,85_Alt_DN_2_S6_R1_001.fastq.gz,85_Alt_DN_2_S6_R2_001.fastq.gz,CCACGCTGAA,ACGCACGAGG,Illumina Truseq PCR Free,108694896,/cluster/project/eawag/p07004/raw_data/o31197_NovaSeq_230526_NOV1767/
SAMN37257410,1_Air_up1_1,1_Air_up1_1_S86_R1_001.fastq.gz,1_Air_up1_1_S86_R2_001.fastq.gz,GGATATATCC,ATGGTGAACA,Illumina Truseq PCR Free,109288970,/cluster/project/eawag/p07004/raw_data/o31197_NovaSeq_230526_NOV1767/
SAMN37257461,66_Ehr_Eff_1,66_Ehr_Eff_1_S26_R1_001.fastq.gz,66_Ehr_Eff_1_S26_R2_001.fastq.gz,GTGACGGAGC,ATACCAACGC,Illumina Truseq PCR Free,109363484,/cluster/project/eawag/p07004/raw_data/o31197_NovaSeq_230526_NOV1767/
SAMN37257405,15_Oli_up1_2,15_Oli_up1_2_S85_R1_001.fastq.gz,15_Oli_up1_2_S85_R2_001.fastq.gz,GTCCACCGCT,GGAAGGACCT,Illumina Truseq PCR Free,109770253,/cluster/project/eawag/p07004/raw_data/o31197_NovaSeq_230526_NOV1767/
SAMN37257484,87_R1_SS,87_R1_SS_S77_R1_001.fastq.gz,87_R1_SS_S77_R2_001.fastq.gz,AGCCTCAGGC,CCTTGAACGG,Illumina Truseq PCR Free,110031390,/cluster/project/eawag/p07004/raw_data/o31197_NovaSeq_230526_NOV1767/
SAMN37257450,56_Ehr_up2_2,56_Ehr_up2_2_S62_R1_001.fastq.gz,56_Ehr_up2_2_S62_R2_001.fastq.gz,TGGACCGCCA,ATATGAGACG,Illumina Truseq PCR Free,110769972,/cluster/project/eawag/p07004/raw_data/o31197_NovaSeq_230526_NOV1767/
SAMN37257472,76_Alt_dw2_1,76_Alt_dw2_1_S16_R1_001.fastq.gz,76_Alt_dw2_1_S16_R2_001.fastq.gz,TAGGCTCGCG,GGACGTCTTG,Illumina Truseq PCR Free,111096339,/cluster/project/eawag/p07004/raw_data/o31197_NovaSeq_230526_NOV1767/
SAMN37257438,45_Bir_dw1_2,45_Bir_dw1_2_S14_R1_001.fastq.gz,45_Bir_dw1_2_S14_R2_001.fastq.gz,CGAGAGGCGT,GAGACATAAT,Illumina Truseq PCR Free,111128143,/cluster/project/eawag/p07004/raw_data/o31197_NovaSeq_230526_NOV1767/
SAMN37257489,91_R1_ES,91_R1_ES_S53_R1_001.fastq.gz,91_R1_ES_S53_R2_001.fastq.gz,CATATGCGAT,GCCGTAACCG,Illumina Truseq PCR Free,111152449,/cluster/project/eawag/p07004/raw_data/o31197_NovaSeq_230526_NOV1767/
SAMN37257417,26_Oli_Eff_2,26_Oli_Eff_2_S65_R1_001.fastq.gz,26_Oli_Eff_2_S65_R2_001.fastq.gz,AGTACTCATG,GTAGAGTCAG,Illumina Truseq PCR Free,111236859,/cluster/project/eawag/p07004/raw_data/o31197_NovaSeq_230526_NOV1767/
SAMN37257488,90_R4_SS,90_R4_SS_S38_R1_001.fastq.gz,90_R4_SS_S38_R2_001.fastq.gz,TGTCTGGCCT,TCTGATCGCC,Illumina Truseq PCR Free,111487316,/cluster/project/eawag/p07004/raw_data/o31197_NovaSeq_230526_NOV1767/
SAMN37257486,89_R3_SS,89_R3_SS_S46_R1_001.fastq.gz,89_R3_SS_S46_R2_001.fastq.gz,GTAACTTGGT,TTCGCAGTCT,Illumina Truseq PCR Free,112697499,/cluster/project/eawag/p07004/raw_data/o31197_NovaSeq_230526_NOV1767/
SAMN37257448,54_Ehr_up1_2,54_Ehr_up1_2_S18_R1_001.fastq.gz,54_Ehr_up1_2_S18_R2_001.fastq.gz,CTTATTGGCC,CTTGTCTTAA,Illumina Truseq PCR Free,112914361,/cluster/project/eawag/p07004/raw_data/o31197_NovaSeq_230526_NOV1767/
SAMN37257455,60_Ehr_dw2_2,60_Ehr_dw2_2_S92_R1_001.fastq.gz,60_Ehr_dw2_2_S92_R2_001.fastq.gz,GTTCGGAGTT,TCAAGCGCAC,Illumina Truseq PCR Free,113108621,/cluster/project/eawag/p07004/raw_data/o31197_NovaSeq_230526_NOV1767/
SAMN37257467,71_Alt_up1_2,71_Alt_up1_2_S82_R1_001.fastq.gz,71_Alt_up1_2_S82_R2_001.fastq.gz,GCACCACCAA,CTCCGTGCTG,Illumina Truseq PCR Free,113332348,/cluster/project/eawag/p07004/raw_data/o31197_NovaSeq_230526_NOV1767/
SAMN37257420,29_Kol_up2_1,29_Kol_up2_1_S9_R1_001.fastq.gz,29_Kol_up2_1_S9_R2_001.fastq.gz,CCGACAGACT,TACCGAACTA,Illumina Truseq PCR Free,113529121,/cluster/project/eawag/p07004/raw_data/o31197_NovaSeq_230526_NOV1767/
SAMN37257413,22_Oli_dw3_1,22_Oli_dw3_1_S57_R1_001.fastq.gz,22_Oli_dw3_1_S57_R2_001.fastq.gz,GCTTGAACGC,GCTGGTGATT,Illumina Truseq PCR Free,114253449,/cluster/project/eawag/p07004/raw_data/o31197_NovaSeq_230526_NOV1767/
SAMN37257456,61_Ehr_dw3_1,61_Ehr_dw3_1_S91_R1_001.fastq.gz,61_Ehr_dw3_1_S91_R2_001.fastq.gz,CTAATAACCG,GTCTAACCTC,Illumina Truseq PCR Free,114284877,/cluster/project/eawag/p07004/raw_data/o31197_NovaSeq_230526_NOV1767/
SAMN37257436,43_Bir_up2_2,43_Bir_up2_2_S21_R1_001.fastq.gz,43_Bir_up2_2_S21_R2_001.fastq.gz,TTAACCTTCG,TAATGGCAAG,Illumina Truseq PCR Free,115249784,/cluster/project/eawag/p07004/raw_data/o31197_NovaSeq_230526_NOV1767/
SAMN37257449,55_Ehr_up2_1,55_Ehr_up2_1_S44_R1_001.fastq.gz,55_Ehr_up2_1_S44_R2_001.fastq.gz,GTTGGATGAA,CAATCTATGA,Illumina Truseq PCR Free,115348494,/cluster/project/eawag/p07004/raw_data/o31197_NovaSeq_230526_NOV1767/
SAMN37257411,20_Oli_dw2_1,20_Oli_dw2_1_S84_R1_001.fastq.gz,20_Oli_dw2_1_S84_R2_001.fastq.gz,CACAACTTAA,ACCTTATGAA,Illumina Truseq PCR Free,115461619,/cluster/project/eawag/p07004/raw_data/o31197_NovaSeq_230526_NOV1767/
SAMN37257400,10_Air_dw3_2,10_Air_dw3_2_S63_R1_001.fastq.gz,10_Air_dw3_2_S63_R2_001.fastq.gz,CCGCGTATAG,TGCCTTGATC,Illumina Truseq PCR Free,115546653,/cluster/project/eawag/p07004/raw_data/o31197_NovaSeq_230526_NOV1767/
SAMN37257485,88_R2_SS,88_R2_SS_S61_R1_001.fastq.gz,88_R2_SS_S61_R2_001.fastq.gz,GCACGGTACC,ACATGGTGTC,Illumina Truseq PCR Free,116102122,/cluster/project/eawag/p07004/raw_data/o31197_NovaSeq_230526_NOV1767/
SAMN37257446,52_Bir_Eff_1,52_Bir_Eff_1_S17_R1_001.fastq.gz,52_Bir_Eff_1_S17_R2_001.fastq.gz,ACCTAAGACC,CTGGATATGT,Illumina Truseq PCR Free,118032421,/cluster/project/eawag/p07004/raw_data/o31197_NovaSeq_230526_NOV1767/
SAMN37257434,41_Bir_up1_2,41_Bir_up1_2_S54_R1_001.fastq.gz,41_Bir_up1_2_S54_R2_001.fastq.gz,CCTAACACAG,GGTGGAATAC,Illumina Truseq PCR Free,118488849,/cluster/project/eawag/p07004/raw_data/o31197_NovaSeq_230526_NOV1767/
SAMN37257408,18_Oli_dw1_1,18_Oli_dw1_1_S89_R1_001.fastq.gz,18_Oli_dw1_1_S89_R2_001.fastq.gz,GACGTCTGCA,ACGAGACTGA,Illumina Truseq PCR Free,118826268,/cluster/project/eawag/p07004/raw_data/o31197_NovaSeq_230526_NOV1767/
SAMN37257445,51_Bir_In_1,51_Bir_In_1_S87_R1_001.fastq.gz,51_Bir_In_1_S87_R2_001.fastq.gz,ATCAGTACCA,CTAATTCGCT,Illumina Truseq PCR Free,119325058,/cluster/project/eawag/p07004/raw_data/o31197_NovaSeq_230526_NOV1767/
SAMN37257468,72_Alt_up2_1,72_Alt_up2_1_S48_R1_001.fastq.gz,72_Alt_up2_1_S48_R2_001.fastq.gz,CTCGAATATA,CGCCTTCTGA,Illumina Truseq PCR Free,120534157,/cluster/project/eawag/p07004/raw_data/o31197_NovaSeq_230526_NOV1767/
SAMN37257465,6_Air_dw1_2,6_Air_dw1_2_S76_R1_001.fastq.gz,6_Air_dw1_2_S76_R2_001.fastq.gz,GGACCAGTGG,CGCTTGAAGT,Illumina Truseq PCR Free,120649798,/cluster/project/eawag/p07004/raw_data/o31197_NovaSeq_230526_NOV1767/
SAMN37257457,62_Ehr_dw3_2,62_Ehr_dw3_2_S49_R1_001.fastq.gz,62_Ehr_dw3_2_S49_R2_001.fastq.gz,TCCGCCAATT,TCCACTCCGG,Illumina Truseq PCR Free,120758680,/cluster/project/eawag/p07004/raw_data/o31197_NovaSeq_230526_NOV1767/
SAMN37257447,53_Ehr_up1_1,53_Ehr_up1_1_S59_R1_001.fastq.gz,53_Ehr_up1_1_S59_R2_001.fastq.gz,TCGGCGGTTA,ACTCGGTTCT,Illumina Truseq PCR Free,121334114,/cluster/project/eawag/p07004/raw_data/o31197_NovaSeq_230526_NOV1767/
SAMN37257435,42_Bir_up2_1,42_Bir_up2_1_S29_R1_001.fastq.gz,42_Bir_up2_1_S29_R2_001.fastq.gz,TGCCGGTCAG,GAGGCTCCTA,Illumina Truseq PCR Free,121417320,/cluster/project/eawag/p07004/raw_data/o31197_NovaSeq_230526_NOV1767/
SAMN37257437,44_Bir_dw1_1,44_Bir_dw1_1_S22_R1_001.fastq.gz,44_Bir_dw1_1_S22_R2_001.fastq.gz,GCGTGCTGTG,CGGTGACACC,Illumina Truseq PCR Free,122177989,/cluster/project/eawag/p07004/raw_data/o31197_NovaSeq_230526_NOV1767/
SAMN37257451,57_Ehr_dw1_1,57_Ehr_dw1_1_S97_R1_001.fastq.gz,57_Ehr_dw1_1_S97_R2_001.fastq.gz,AACGAGGCCG,TTGTTCCGTG,Illumina Truseq PCR Free,122736787,/cluster/project/eawag/p07004/raw_data/o31197_NovaSeq_230526_NOV1767/
SAMN37257419,28_Kol_up1_2,28_Kol_up1_2_S60_R1_001.fastq.gz,28_Kol_up1_2_S60_R2_001.fastq.gz,TGTGGTCCGG,GTTCCGCAGG,Illumina Truseq PCR Free,123524453,/cluster/project/eawag/p07004/raw_data/o31197_NovaSeq_230526_NOV1767/
SAMN37257491,93_R3_ES,93_R3_ES_S45_R1_001.fastq.gz,93_R3_ES_S45_R2_001.fastq.gz,TTGTATCAGG,GTATGTAGAA,Illumina Truseq PCR Free,123670735,/cluster/project/eawag/p07004/raw_data/o31197_NovaSeq_230526_NOV1767/
SAMN37257464,69_Ehr_AS_1,69_Ehr_AS_1_S20_R1_001.fastq.gz,69_Ehr_AS_1_S20_R2_001.fastq.gz,AGGCGTTCGC,CGTAATTAAC,Illumina Truseq PCR Free,123995373,/cluster/project/eawag/p07004/raw_data/o31197_NovaSeq_230526_NOV1767/
SAMN37257459,64_Ehr_SS_1,64_Ehr_SS_1_S88_R1_001.fastq.gz,64_Ehr_SS_1_S88_R2_001.fastq.gz,CAAGTTATTG,GCGCAGAGTA,Illumina Truseq PCR Free,125385132,/cluster/project/eawag/p07004/raw_data/o31197_NovaSeq_230526_NOV1767/
SAMN37257441,48_Bir_dw3_1,48_Bir_dw3_1_S10_R1_001.fastq.gz,48_Bir_dw3_1_S10_R2_001.fastq.gz,ATCGGCGAAG,GAGATGTCGA,Illumina Truseq PCR Free,126451707,/cluster/project/eawag/p07004/raw_data/o31197_NovaSeq_230526_NOV1767/
SAMN37257429,37_Kol_AS_1,37_Kol_AS_1_S69_R1_001.fastq.gz,37_Kol_AS_1_S69_R2_001.fastq.gz,TAGAGAATAC,AGAGTGCGGC,Illumina Truseq PCR Free,126517694,/cluster/project/eawag/p07004/raw_data/o31197_NovaSeq_230526_NOV1767/
SAMN37257481,84_Alt_Att_1,84_Alt_Att_1_S32_R1_001.fastq.gz,84_Alt_Att_1_S32_R2_001.fastq.gz,GGCCTCCAAG,ACCGCGCAAT,Illumina Truseq PCR Free,126534124,/cluster/project/eawag/p07004/raw_data/o31197_NovaSeq_230526_NOV1767/
SAMN37257401,11_Air_AS_1,11_Air_AS_1_S36_R1_001.fastq.gz,11_Air_AS_1_S36_R2_001.fastq.gz,AGGTATGGCG,GTTCGCGCCA,Illumina Truseq PCR Free,128510699,/cluster/project/eawag/p07004/raw_data/o31197_NovaSeq_230526_NOV1767/
SAMN37257440,47_Bir_dw2_2,47_Bir_dw2_2_S83_R1_001.fastq.gz,47_Bir_dw2_2_S83_R2_001.fastq.gz,TATCACTCTG,GCACTACAAC,Illumina Truseq PCR Free,128765945,/cluster/project/eawag/p07004/raw_data/o31197_NovaSeq_230526_NOV1767/
SAMN37257462,67_Ehr_Att_1,67_Ehr_Att_1_S30_R1_001.fastq.gz,67_Ehr_Att_1_S30_R2_001.fastq.gz,ATACTTGTTC,CTGTCTGCAC,Illumina Truseq PCR Free,130954134,/cluster/project/eawag/p07004/raw_data/o31197_NovaSeq_230526_NOV1767/
SAMN37257430,38_Kol_In_1,38_Kol_In_1_S11_R1_001.fastq.gz,38_Kol_In_1_S11_R2_001.fastq.gz,GTCTCGCCAC,CAGCCGATTG,Illumina Truseq PCR Free,131093821,/cluster/project/eawag/p07004/raw_data/o31197_NovaSeq_230526_NOV1767/
SAMN37257453,59_Ehr_dw2_1,59_Ehr_dw2_1_S67_R1_001.fastq.gz,59_Ehr_dw2_1_S67_R2_001.fastq.gz,GCTGACGTTG,TCGGCCTATC,Illumina Truseq PCR Free,132327153,/cluster/project/eawag/p07004/raw_data/o31197_NovaSeq_230526_NOV1767/
SAMN37257418,27_Kol_up1_1,27_Kol_up1_1_S47_R1_001.fastq.gz,27_Kol_up1_1_S47_R2_001.fastq.gz,TACGTGAAGG,GACTGGTTGC,Illumina Truseq PCR Free,136116313,/cluster/project/eawag/p07004/raw_data/o31197_NovaSeq_230526_NOV1767/
SAMN37257422,30_Kol_up2_2,30_Kol_up2_2_S27_R1_001.fastq.gz,30_Kol_up2_2_S27_R2_001.fastq.gz,ATCCAGGTAT,ATCAACAGCC,Illumina Truseq PCR Free,136255541,/cluster/project/eawag/p07004/raw_data/o31197_NovaSeq_230526_NOV1767/
SAMN37257425,33_Kol_dw2_1,33_Kol_dw2_1_S23_R1_001.fastq.gz,33_Kol_dw2_1_S23_R2_001.fastq.gz,TTCGGTGTGA,AACAAGGCGT,Illumina Truseq PCR Free,145659020,/cluster/project/eawag/p07004/raw_data/o31197_NovaSeq_230526_NOV1767/
SAMN37257403,13_Air_Eff_1,13_Air_Eff_1_S75_R1_001.fastq.gz,13_Air_Eff_1_S75_R2_001.fastq.gz,ATTGGCTTCT,GACATTGTCA,Illumina Truseq PCR Free,156133183,/cluster/project/eawag/p07004/raw_data/o31197_NovaSeq_230526_NOV1767/